model,horizon,bin,n,predicted,observed,gap
state_queue,0_10ms,0,8091,1.18725744758611e-06,0.000988752935360277,0.0009875656779126908
state_queue,0_10ms,1,8090,0.00011485836687537757,0.00173053152039555,0.0016156731535201725
state_queue,0_10ms,2,8090,0.0007526619927022659,0.005686032138442522,0.004933370145740256
state_queue,0_10ms,3,8090,0.0024125096698988224,0.0069221260815822,0.004509616411683378
state_queue,0_10ms,4,8090,0.0050158357640580275,0.024598269468479605,0.019582433704421576
state_queue,0_10ms,5,8090,0.007603516751297704,0.02880098887515451,0.02119747212385681
state_queue,0_10ms,6,8090,0.011581844818301174,0.0315203955500618,0.019938550731760627
state_queue,0_10ms,7,8090,0.017406790141857274,0.03609394313967861,0.018687152997821338
state_queue,0_10ms,8,8090,0.025965458156969275,0.04165636588380717,0.015690907726837892
state_queue,0_10ms,9,8090,0.07395428547091587,0.123114956736712,0.049160671265796124
state_queue,10_100ms,0,8092,1.3577210161540551e-06,0.001606524962926347,0.0016051672419101928
state_queue,10_100ms,1,8089,0.00013334965267992286,0.0035851155890715787,0.003451765936391656
state_queue,10_100ms,2,8090,0.0008779045296879831,0.006427688504326329,0.005549783974638346
state_queue,10_100ms,3,8090,0.002842482433369925,0.015203955500618047,0.012361473067248122
state_queue,10_100ms,4,8090,0.006114636088122423,0.041285537700865266,0.03517090161274284
state_queue,10_100ms,5,8090,0.009325942630803517,0.031396786155747834,0.022070843524944317
state_queue,10_100ms,6,8090,0.013899139596487796,0.042027194066749075,0.02812805447026128
state_queue,10_100ms,7,8090,0.0211234447669646,0.047466007416563656,0.026342562649599055
state_queue,10_100ms,8,8090,0.03149680833472422,0.06069221260815822,0.029195404273434
state_queue,10_100ms,9,8090,0.08351956809443595,0.134610630407911,0.051091062313475044
state_queue,100_500ms,0,8091,2.069591496578337e-06,0.0027190705722407614,0.002717000980744183
state_queue,100_500ms,1,8090,0.000180611276118682,0.0207663782447466,0.02058576696862792
state_queue,100_500ms,2,8090,0.0011211355559967548,0.014462299134734239,0.013341163578737485
state_queue,100_500ms,3,8090,0.00355342879530225,0.033250927070457355,0.029697498275155106
state_queue,100_500ms,4,8090,0.007718964101762128,0.0580964153275649,0.05037745122580277
state_queue,100_500ms,5,8090,0.011910941917080165,0.04585908529048208,0.033948143373401914
state_queue,100_500ms,6,8090,0.017127406329995192,0.060444993819530286,0.0433175874895351
state_queue,100_500ms,7,8090,0.025902451656466888,0.08170580964153276,0.055803357985065874
state_queue,100_500ms,8,8090,0.0386210243838912,0.07589616810877627,0.037275143724885065
state_queue,100_500ms,9,8090,0.09403577336091033,0.15142150803461063,0.0573857346737003
state_queue,500_1000ms,0,8091,5.2245481656847455e-06,0.004325794092201211,0.0043205695440355265
state_queue,500_1000ms,1,8090,0.0003076779364533126,0.04758961681087762,0.04728193887442431
state_queue,500_1000ms,2,8090,0.0016426473275594313,0.018046971569839306,0.016404324242279875
state_queue,500_1000ms,3,8090,0.004783872896493693,0.054758961681087764,0.04997508878459407
state_queue,500_1000ms,4,8090,0.009806192288978244,0.07317676143386898,0.06337056914489073
state_queue,500_1000ms,5,8090,0.015456088204827403,0.06365883807169345,0.04820274986686605
state_queue,500_1000ms,6,8090,0.02146221656470781,0.06971569839307787,0.048253481828370054
state_queue,500_1000ms,7,8090,0.03107733340366834,0.11310259579728059,0.08202526239361224
state_queue,500_1000ms,8,8090,0.047078264026672284,0.09740420271940667,0.050325938692734384
state_queue,500_1000ms,9,8090,0.1030134674856385,0.16106304079110012,0.05804957330546162
state_queue_flow,0_10ms,0,8091,2.060876111238017e-06,0.0008651588184402422,0.0008630979423290042
state_queue_flow,0_10ms,1,8090,0.00015868251334676928,0.001977750309023486,0.0018190677956767167
state_queue_flow,0_10ms,2,8090,0.0009045909638741621,0.0023485784919653895,0.0014439875280912273
state_queue_flow,0_10ms,3,8090,0.002759857305735499,0.008034610630407911,0.005274753324672412
state_queue_flow,0_10ms,4,8090,0.005656814966231207,0.01841779975278121,0.012760984786550005
state_queue_flow,0_10ms,5,8090,0.008561867726829719,0.022620519159456117,0.014058651432626398
state_queue_flow,0_10ms,6,8090,0.012614930590773383,0.027564894932014833,0.01494996434124145
state_queue_flow,0_10ms,7,8090,0.018430465561320504,0.032756489493201486,0.014326023931880982
state_queue_flow,0_10ms,8,8090,0.02852943192541355,0.046600741656365886,0.018071309730952338
state_queue_flow,0_10ms,9,8090,0.10249297615969642,0.13992583436341163,0.03743285820371521
state_queue_flow,10_100ms,0,8091,2.175460422762127e-06,0.0014831294030404152,0.0014809539426176531
state_queue_flow,10_100ms,1,8090,0.0001736423819670535,0.003708281829419036,0.0035346394474519826
state_queue_flow,10_100ms,2,8090,0.0010119618364053313,0.0032138442521631645,0.002201882415757833
state_queue_flow,10_100ms,3,8090,0.003140679232676022,0.012608158220024722,0.0094674789873487
state_queue_flow,10_100ms,4,8090,0.006716937264518883,0.030407911001236094,0.023690973736717212
state_queue_flow,10_100ms,5,8090,0.010295332122419624,0.030284301606922127,0.019988969484502503
state_queue_flow,10_100ms,6,8090,0.015042383947811667,0.03498145859085291,0.01993907464304124
state_queue_flow,10_100ms,7,8090,0.022158022844015902,0.049443757725587144,0.027285734881571242
state_queue_flow,10_100ms,8,8090,0.03433519844306295,0.0677379480840544,0.03340274964099144
state_queue_flow,10_100ms,9,8090,0.11782962941043541,0.1504326328800989,0.03260300346966348
state_queue_flow,100_500ms,0,8091,2.7362967832866095e-06,0.0023482882214806576,0.002345551924697371
state_queue_flow,100_500ms,1,8090,0.00021304912361639868,0.022620519159456117,0.02240747003583972
state_queue_flow,100_500ms,2,8090,0.001225934338894259,0.009517923362175525,0.008291989023281265
state_queue_flow,100_500ms,3,8090,0.0037831726366106336,0.028924598269468478,0.025141425632857844
state_queue_flow,100_500ms,4,8090,0.008305126601222018,0.04412855377008652,0.035823427168864504
state_queue_flow,100_500ms,5,8090,0.012804774138580726,0.04536464771322621,0.03255987357464548
state_queue_flow,100_500ms,6,8090,0.01834305560258653,0.05772558714462299,0.039382531542036456
state_queue_flow,100_500ms,7,8090,0.02694682671885499,0.07639060568603213,0.049443778967177145
state_queue_flow,100_500ms,8,8090,0.04169272742175959,0.09122373300370828,0.049531005581948694
state_queue_flow,100_500ms,9,8090,0.1318962357731456,0.16637824474660073,0.03448200897345513
state_queue_flow,500_1000ms,0,8091,6.61815612785677e-06,0.00482017055988135,0.004813552403753493
state_queue_flow,500_1000ms,1,8090,0.0003472734257940057,0.047466007416563656,0.04711873399076965
state_queue_flow,500_1000ms,2,8090,0.0017603156632058426,0.014956736711990111,0.013196421048784268
state_queue_flow,500_1000ms,3,8090,0.005002209901852623,0.04103831891223733,0.03603610901038471
state_queue_flow,500_1000ms,4,8090,0.010511356358445306,0.06687268232385661,0.0563613259654113
state_queue_flow,500_1000ms,5,8090,0.016429768270647502,0.0622991347342398,0.0458693664635923
state_queue_flow,500_1000ms,6,8090,0.02275985022435545,0.07812113720642769,0.05536128698207224
state_queue_flow,500_1000ms,7,8090,0.032477381238871006,0.09950556242274412,0.06702818118387312
state_queue_flow,500_1000ms,8,8090,0.04978919974377571,0.11063040791100123,0.060841208167225526
state_queue_flow,500_1000ms,9,8090,0.14191419766188582,0.17713226205191596,0.03521806439003014
